test_id,market,timestamp,kind,name,features,scope,metric,t_tune,bar_tune,check_used,t_check,bar_check,gain_tune,gain_check,kept,note,origin
pilot-0001,us_smallcap,,test,"[""earn_outlook_tone_chg"", ""earn_demand_tone_chg"", ""earn_margin_tone_chg"", ""earn_hedging_language_chg"", ""earn_direction_chg""]",,,,0.711,1.96,False,,,,,False,,pilot research loop
pilot-0002,us_smallcap,,test,"[""exec_effective_immediately_p"", ""exec_interim_p"", ""exec_successor_named_p"", ""exec_planned_succession_p"", ""exec_surprise_level"", ""exec_direction_level"", ""exec_role_ceo"", ""exec_role_cfo"", ""exec_change_type_resignation"", ""exec_change_type_termination""]",,,,1.562,2.241,False,,,,,False,briefing showed check-year t of earlier rounds (leak; fixed after round 3),pilot research loop
pilot-0003,us_smallcap,,test,"[""earn_dividend_raised_p"", ""earn_buyback_expanded_p"", ""earn_dividend_cut_p""]",,,,0.953,2.394,False,,,,,False,briefing showed check-year t of earlier rounds (leak; fixed after round 3),pilot research loop
pilot-0004,us_smallcap,,test,"[""earn_primary_driver_volume"", ""earn_primary_driver_pricing"", ""earn_primary_driver_one_offs"", ""earn_primary_driver_conf"", ""earn_adjusted_emphasis_p"", ""earn_impairment_p"", ""earn_restructuring_p""]",,,,-2.21,2.498,False,,,,,False,,pilot research loop
pilot-0005,us_smallcap,,test,"[""earn_guidance_raised_p"", ""earn_guidance_lowered_p"", ""earn_guidance_withdrawn_p"", ""earn_record_results_p""]",,,,0.302,2.576,False,,,,,False,,pilot research loop
pilot-0006,us_smallcap,,test,"[""earn_severity_chg"", ""earn_worry_chg"", ""earn_realized_p"", ""earn_liquidity_p""]",,,,-1.549,2.638,False,,,,,False,,pilot research loop
pilot-0007,us_smallcap,,test,"[""exec_a7_activist_agreement_p"", ""exec_a7_board_expanded_p"", ""exec_a7_performance_equity_p"", ""exec_a7_ceo_origin_internal"", ""exec_a7_ceo_origin_board_member"", ""exec_a7_ceo_origin_external"", ""exec_a7_ceo_origin_no_new_ceo"", ""exec_a7_director_unexplained_exit_p"", ""exec_a7_pay_alignment_level"", ""exec_a7_pay_alignment_spread""]",,,,1.317,2.69,False,,,,,False,screened on 8000 docs per item,pilot research loop
pilot-0008,us_smallcap,,test,"[""earn_a8_r8_backlog_trend_conf"", ""earn_a8_r8_backlog_trend_level"", ""earn_a8_r8_backlog_trend_spread"", ""earn_a8_r8_price_increase_p"", ""earn_a8_r8_occupancy_trend_conf"", ""earn_a8_r8_occupancy_trend_level"", ""earn_a8_r8_occupancy_trend_spread"", ""earn_a8_r8_credit_provision_up_p"", ""earn_a8_r8_capex_expansion_p"", ""earn_a8_r8_contract_win_p"", ""earn_a8_r8_backlog_trend_chg"", ""earn_a8_r8_occupancy_trend_chg""]",,,,-0.213,2.734,False,,,,,False,screened on 8000 docs per item,pilot research loop
pilot-0009,us_smallcap,,test,"[""earn_direction_spread"", ""earn_outlook_tone_spread"", ""earn_demand_tone_spread"", ""earn_margin_tone_spread"", ""earn_hedging_language_spread"", ""earn_severity_spread"", ""earn_worry_spread"", ""exec_direction_spread"", ""exec_surprise_spread""]",,,,0.27,2.773,False,,,,,False,,pilot research loop
pilot-0010,us_smallcap,,test,share_dilution,,universal,,,,False,,,,,False,unknown indicator or scope; not judged,pilot discovery log
pilot-0011,us_smallcap,,test,earn_supply_problems_p_chg4,,universal,,-1.598,2.838,False,,,-0.00296,,False,1830 batches,pilot discovery log
pilot-0012,us_smallcap,,test,earn_a8_r8_backlog_trend_chg,,industrials,,2.009,2.865,False,,,0.00624,,False,345 batches,pilot discovery log
pilot-0013,us_smallcap,,test,exec_a7_ceo_origin_external,,universal,,-1.592,2.891,False,,,-0.00168,,False,1830 batches,pilot discovery log
pilot-0014,us_smallcap,,test,liabilities_to_assets,,industrials,,,,False,,,,,False,unknown indicator or scope; not judged,pilot discovery log
pilot-0015,us_smallcap,,test,earn_dividend_cut_p_chg4,,resources,,1.991,2.935,False,,,0.0145,,False,145 batches,pilot discovery log
pilot-0016,us_smallcap,,test,earn_relation_partner_chg4,,industrials,,-0.601,2.955,False,,,-0.00262,,False,345 batches,pilot discovery log
pilot-0017,us_smallcap,,test,earn_primary_driver_one_offs_chg4,,consumer,,0.038,2.974,False,,,0.00023,,False,271 batches,pilot discovery log
pilot-0018,us_smallcap,,test,rf_severity_chg_chg4,,finance,,1.273,2.991,False,,,0.00528,,False,300 batches,pilot discovery log
pilot-0019,us_smallcap,,test,earn_supply_problems_p,,utilities,,2.272,3.008,False,,,0.00935,,False,130 batches,pilot discovery log
pilot-0020,us_smallcap,,test,exec_change_type_other_chg4,,universal,,-0.945,3.023,False,,,-0.00114,,False,1830 batches,pilot discovery log
pilot-0021,us_smallcap,,test,earn_a8_r8_credit_provision_up_p_chg4,,utilities,,0.763,3.038,False,,,0.00086,,False,130 batches,pilot discovery log
pilot-0022,us_smallcap,,read_pairs,,,cross_sector,,,,False,,,,,False,"Breadth of growth: W releases stress growth in every segment or region (Abbott: all four businesses double-digit; CBRE: 20%+ in all three regions and nearly all business lines; Fastenal: both fastener and non-fastener up). L releases show at least one key segment, region or metric declining (Harley US retail down; eBay StubHub GMV down; IP segment profits down; Union Pacific train speed down 10%). | Acceleration: W releases describe momentum improving versus prior periods (Netflix: fourth straight quarter of 1M+ net adds, gross adds up 88%; CBRE: Asia Pacific strongest in 16 quarters; Fastenal: 'felt more like' itself after headwinds). L releases more often show sequential deterioration (IP) or only flat-to-slight growth (eBay, Harley). | Excuses: L releases more often blame weak lines on outside forces such as competition, input costs, weather or soft markets (Harley competitive discoun",pilot discovery log
pilot-0023,us_smallcap,,test,rf_severity_level_chg4,,finance,,0.752,3.052,False,,,0.00378,,False,300 batches,pilot discovery log
pilot-0024,us_smallcap,,test,exec_role_other_officer_chg4,,resources,,1.174,3.065,False,,,0.01183,,False,145 batches,pilot discovery log
pilot-0025,us_smallcap,,test,earn_primary_driver_volume_chg4,,health_care,,0.492,3.078,False,,,0.00387,,False,116 batches,pilot discovery log
pilot-0026,us_smallcap,,test,8k_count_reg_fd_disclosure_self,,finance,,-0.219,3.09,False,,,-0.0013,,False,300 batches,pilot discovery log
pilot-0027,us_smallcap,,read_pairs,,,health_care,,,,False,,,,,False,"Lagging companies' earnings releases often describe very fast growth with celebratory language ('record', 'better than expected', raised guidance, industry-leading growth): Align twice, AbbVie. Winners describe steadier mid-single to low-double-digit growth in measured tones (DaVita, ResMed, HCA, Medtronic). Peak-momentum framing may signal expectations already priced in. | Winners' headlines more often put cash generation up front: DaVita with rolling operating and free cash flow, Medtronic with free cash flow up 62%, HCA with operating cash flow, ResMed with operating cash flow. Losers lead with revenue, volume or EPS growth. | Several losers report GAAP earnings sharply reduced by special items: Stryker's recall charges cut EPS 77%, Align took impairments for store closures, BD reclassified units as discontinued operations. These charges are presented as one-offs. | Winners with uneve",pilot discovery log
pilot-0028,us_smallcap,,test,earn_d8_growth_exuberance_level_chg_chg4,,tech_comm,,-0.133,3.102,False,,,-0.00037,,False,280 batches,pilot discovery log
pilot-0029,us_smallcap,,test,earn_d8_cash_flow_in_headline_p,,finance,,1.641,3.113,False,,,0.00632,,False,300 batches,pilot discovery log
pilot-0030,us_smallcap,,read_pairs,,,industrials,,,,False,,,,,False,"Several winners' earnings releases frame results as a recovery or restructuring story: restructuring under way (Parker), the most significant restructuring in company history, profits rebounding from a low base (Harley), and a cycle trough with large write-downs while positioning for the upturn (NOV, 2015). Several laggards instead report record or peak results with long growth streaks: Southwest's records on every line, Robert Half's 'seventh straight quarter' of double-digit growth, and Priceline's growth of 40%+. | Winners more often cite order intake, backlog or forward demand indicators (Parker orders, NOV backlog of $10.36B, Boeing backlog of $473B). Laggards cite trailing growth rates. | Some laggards' own guidance or sequential figures imply slowing growth: Priceline guides 2Q revenue growth to 18-23% against 28% this quarter, and Akamai's normalized EPS fell sequentially while i",pilot discovery log
pilot-0031,us_smallcap,,test,q_rev_growth_yoy+q_gross_margin_chg_yoy+q_op_margin+q_inventory_days_chg_yoy,,universal,,-1.951,3.102,False,,,-0.0046,,False,1830 batches,pilot discovery log
pilot-0032,us_smallcap,,test,q_rev_growth_yoy+q_gross_margin_chg_yoy+q_inventory_days_chg_yoy+revenue_growth+earn_demand_tone_level+earn_direction_level,,cyclical,,1.947,3.113,False,,,0.00714,,False,947 batches,pilot discovery log
pilot-0033,us_smallcap,,test,TREES(all 449 inputs),,universal,,-0.655,3.124,False,,,-0.00269,,False,1830 batches,pilot discovery log
pilot-0034,us_smallcap,,test,JEV_DECIDER(numbers cards),,smallcap,,-0.96,3.134,False,,,-0.0002,,False,"t = Jev vs model, per month, 2013-2019; 12,979 batches",pilot discovery log
pilot-0035,us_smallcap,,test,JEV_DECIDER(cards+earnings text),,smallcap,,1.19,3.144,False,,,0.0003,,False,"t = Jev vs model, per month, 2013-2019; 12,979 batches",pilot discovery log
pilot-0036,us_smallcap,,test,JEV_DECIDER(text+yearly feedback note),,smallcap,,0.9,3.154,False,,,0.0007,,False,"t = Jev vs model, per month, 2013-2019; 12,979 batches",pilot discovery log
pilot-0037,us_smallcap,,test,MODEL(numbers + 16 earnings-text inputs),,smallcap,,0.61,3.163,False,,,0.0004,,False,"vs numbers-only model, per month 2013-2019; model vs random +0.31%/mo t 2.14",pilot discovery log
pilot-0038,us_smallcap,,test,MODEL(+14 section inputs),,smallcap,,-1.69,3.172,False,,,-0.0006,,False,"vs numbers + whole-doc model, per month 2013-2019",pilot discovery log
pilot-0039,us_smallcap,,test,MODEL(numbers + sections),,smallcap,,-0.78,3.18,False,,,-0.0005,,False,vs numbers + whole-doc model; vs numbers only: -0.00%/mo t -0.02,pilot discovery log
pilot-0040,us_smallcap,,test,MODEL(+8 news/Reddit inputs),,smallcap,,-0.42,3.189,False,,,-0.0001,,False,"vs numbers+earnings-text model, per month 2013-2019; GDELT covers 2015+",pilot discovery log
pilot-0041,us_smallcap,,test,operating_margin+net_margin,,smallcap:financials,,0.816,3.197,False,,,0.0007,,False,"sector-only weight vs best model, that sector's batches, 2013-2019; 3172 batches",pilot discovery log
pilot-0042,us_smallcap,,test,revenue_growth+operating_margin+net_margin,,smallcap:utilities,,0.637,3.205,False,,,0.00186,,False,"sector-only weight vs best model, that sector's batches, 2013-2019; 622 batches",pilot discovery log
pilot-0043,us_smallcap,,test,capex_intensity+rnd_intensity,,smallcap:industrials,,0.689,3.213,False,,,0.00038,,False,"sector-only weight vs best model, that sector's batches, 2013-2019; 4112 batches",pilot discovery log
pilot-0044,us_smallcap,,test,q_rev_growth_yoy,,smallcap:health_care,,1.049,3.22,False,,,0.00101,,False,"sector-only weight vs best model, that sector's batches, 2013-2019; 2896 batches",pilot discovery log
pilot-0045,us_smallcap,,test,q_rev_growth_yoy+gross_margin,,smallcap:energy,,-0.252,3.227,False,,,-0.00048,,False,"sector-only weight vs best model, that sector's batches, 2013-2019; 597 batches",pilot discovery log
pilot-0046,us_smallcap,,test,MODEL(numbers) on microcap universe,,microcap,,1.61,3.234,False,,,0.0034,,False,"vs random, per month 2013-2019; ~590 companies a month, median $0.5M/day traded; gross of trading costs",pilot discovery log
pilot-0047,us_smallcap,,historical_check,"[""earn_outlook_tone_chg"", ""earn_demand_tone_chg"", ""earn_margin_tone_chg"", ""earn_hedging_language_chg"", ""earn_direction_chg""]",,sp500,,0.711,1.96,True,4.351,2.0,,,False,S&P 500 universe; recorded 2026-10-04 so check uses are counted (review item 4),pilot discovery log
pilot-0048,us_smallcap,,historical_check,"[""exec_effective_immediately_p"", ""exec_interim_p"", ""exec_successor_named_p"", ""exec_planned_succession_p"", ""exec_surprise_level"", ""exec_direction_level"", ""exec_role_ceo"", ""exec_role_cfo"", ""exec_change_",,sp500,,1.562,2.241,True,-1.876,2.0,,,False,S&P 500 universe; recorded 2026-10-04 so check uses are counted (review item 4),pilot discovery log
pilot-0049,us_smallcap,,historical_check,"[""earn_dividend_raised_p"", ""earn_buyback_expanded_p"", ""earn_dividend_cut_p""]",,sp500,,0.953,2.394,True,0.151,2.0,,,False,S&P 500 universe; recorded 2026-10-04 so check uses are counted (review item 4),pilot discovery log
pilot-0050,us_smallcap,,historical_check,"[""earn_primary_driver_volume"", ""earn_primary_driver_pricing"", ""earn_primary_driver_one_offs"", ""earn_primary_driver_conf"", ""earn_adjusted_emphasis_p"", ""earn_impairment_p"", ""earn_restructuring_p""]",,sp500,,-2.21,2.498,True,-1.716,2.0,,,False,S&P 500 universe; recorded 2026-10-04 so check uses are counted (review item 4),pilot discovery log
pilot-0051,us_smallcap,,historical_check,"[""earn_guidance_raised_p"", ""earn_guidance_lowered_p"", ""earn_guidance_withdrawn_p"", ""earn_record_results_p""]",,sp500,,0.302,2.576,True,0.665,2.0,,,False,S&P 500 universe; recorded 2026-10-04 so check uses are counted (review item 4),pilot discovery log
pilot-0052,us_smallcap,,historical_check,"[""earn_severity_chg"", ""earn_worry_chg"", ""earn_realized_p"", ""earn_liquidity_p""]",,sp500,,-1.549,2.638,True,-0.576,2.0,,,False,S&P 500 universe; recorded 2026-10-04 so check uses are counted (review item 4),pilot discovery log
pilot-0053,us_smallcap,,historical_check,"[""exec_a7_activist_agreement_p"", ""exec_a7_board_expanded_p"", ""exec_a7_performance_equity_p"", ""exec_a7_ceo_origin_internal"", ""exec_a7_ceo_origin_board_member"", ""exec_a7_ceo_origin_external"", ""exec_a7_c",,sp500,,1.317,2.69,True,-0.364,2.0,,,False,S&P 500 universe; recorded 2026-10-04 so check uses are counted (review item 4),pilot discovery log
pilot-0054,us_smallcap,,historical_check,"[""earn_a8_r8_backlog_trend_conf"", ""earn_a8_r8_backlog_trend_level"", ""earn_a8_r8_backlog_trend_spread"", ""earn_a8_r8_price_increase_p"", ""earn_a8_r8_occupancy_trend_conf"", ""earn_a8_r8_occupancy_trend_lev",,sp500,,-0.213,2.734,True,0.829,2.0,,,False,S&P 500 universe; recorded 2026-10-04 so check uses are counted (review item 4),pilot discovery log
pilot-0055,us_smallcap,,historical_check,"[""earn_direction_spread"", ""earn_outlook_tone_spread"", ""earn_demand_tone_spread"", ""earn_margin_tone_spread"", ""earn_hedging_language_spread"", ""earn_severity_spread"", ""earn_worry_spread"", ""exec_direction",,sp500,,0.27,2.773,True,-0.226,2.0,,,False,S&P 500 universe; recorded 2026-10-04 so check uses are counted (review item 4),pilot discovery log
pilot-0056,us_smallcap,,decision,,,smallcap,,,,False,,,,,False,fwd_sharpe rewards low volatility mechanically (review item 3); prices cleaned and universes rebuilt first,pilot discovery log
pilot-0057,us_smallcap,,test,"MODEL(numbers), clean panel, fwd_rank",,smallcap,,3.497,3.241,False,,,0.00083,,False,"t = rank-IC t (IC 0.0271); decile gross +0.60% (t 1.90), net +0.08% (t 0.26); pick-1 net -0.13%. IC t clears the bar but the net spread doesn't; the check-year test is reserved for the pre-registered run (spec 6c)",pilot discovery log
pilot-0058,us_smallcap,,test,"MODEL(numbers + earnings text), clean panel, fwd_rank",,smallcap,,4.663,3.248,False,,,0.0033,,False,"t = rank-IC t (IC 0.0340); decile gross +0.80% (t 2.59), net +0.33% (t 1.07); pick-1 net +0.02%. IC t clears the bar but the net spread doesn't; the check-year test is reserved for the pre-registered run (spec 6c)",pilot discovery log
pilot-0059,us_smallcap,,test,"MODEL(numbers) microcap, clean panel, fwd_rank",,microcap,,10.06,3.254,False,,,0.00572,,False,"t = rank-IC t (IC 0.0756); decile gross +1.94% (t 2.51), net +0.57% (t 0.74); pick-1 net -0.52%. IC t clears the bar but the net spread doesn't; the check-year test is reserved for the pre-registered run (spec 6c)",pilot discovery log
pilot-0060,us_smallcap,,test,M1 item+size -> raw_1,,smallcap_events,,1.908,3.261,False,,,-0.00863,,False,"monthly IC 0.0433; top-minus-bottom fifth gross +0.41% net -0.86% (t -3.03) per event, measured costs",pilot discovery log
pilot-0061,us_smallcap,,test,M2 +history+context -> raw_1,,smallcap_events,,0.503,3.267,False,,,-0.01409,,False,"monthly IC 0.0108; top-minus-bottom fifth gross -0.04% net -1.41% (t -4.93) per event, measured costs",pilot discovery log
pilot-0062,us_smallcap,,test,M3 +v1 reading -> raw_1,,smallcap_events,,1.689,3.273,False,,,-0.01309,,False,"monthly IC 0.0391; top-minus-bottom fifth gross +0.13% net -1.31% (t -4.41) per event, measured costs",pilot discovery log
pilot-0063,us_smallcap,,test,M4 +v1 judgment -> raw_1,,smallcap_events,,0.924,3.279,False,,,-0.01435,,False,"monthly IC 0.0212; top-minus-bottom fifth gross -0.05% net -1.44% (t -5.26) per event, measured costs",pilot discovery log
pilot-0064,us_smallcap,,test,M1 item+size -> adj_1,,smallcap_events,,1.201,3.285,False,,,-0.00826,,False,"monthly IC 0.0286; top-minus-bottom fifth gross +0.41% net -0.83% (t -2.93) per event, measured costs",pilot discovery log
pilot-0065,us_smallcap,,test,M2 +history+context -> adj_1,,smallcap_events,,-1.363,3.291,False,,,-0.01748,,False,"monthly IC -0.0271; top-minus-bottom fifth gross -0.40% net -1.75% (t -7.77) per event, measured costs",pilot discovery log
pilot-0066,us_smallcap,,test,M3 +v1 reading -> adj_1,,smallcap_events,,-0.522,3.296,False,,,-0.01514,,False,"monthly IC -0.0123; top-minus-bottom fifth gross -0.12% net -1.51% (t -5.16) per event, measured costs",pilot discovery log
pilot-0067,us_smallcap,,test,M4 +v1 judgment -> adj_1,,smallcap_events,,-0.769,3.302,False,,,-0.01475,,False,"monthly IC -0.0177; top-minus-bottom fifth gross -0.10% net -1.47% (t -5.25) per event, measured costs",pilot discovery log
pilot-0068,us_smallcap,,test,M1 item+size -> raw_5,,smallcap_events,,2.016,3.307,False,,,-0.00527,,False,"monthly IC 0.0491; top-minus-bottom fifth gross +0.77% net -0.53% (t -1.12) per event, measured costs",pilot discovery log
pilot-0069,us_smallcap,,test,M2 +history+context -> raw_5,,smallcap_events,,2.602,3.312,False,,,-0.00502,,False,"monthly IC 0.0607; top-minus-bottom fifth gross +0.88% net -0.50% (t -1.04) per event, measured costs",pilot discovery log
pilot-0070,us_smallcap,,test,M3 +v1 reading -> raw_5,,smallcap_events,,2.979,3.317,False,,,-0.00562,,False,"monthly IC 0.0684; top-minus-bottom fifth gross +0.83% net -0.56% (t -1.14) per event, measured costs",pilot discovery log
pilot-0071,us_smallcap,,test,M4 +v1 judgment -> raw_5,,smallcap_events,,2.106,3.322,False,,,-0.00908,,False,"monthly IC 0.0455; top-minus-bottom fifth gross +0.46% net -0.91% (t -2.02) per event, measured costs",pilot discovery log
pilot-0072,us_smallcap,,test,M1 item+size -> adj_5,,smallcap_events,,1.481,3.327,False,,,-0.0092,,False,"monthly IC 0.0366; top-minus-bottom fifth gross +0.42% net -0.92% (t -2.10) per event, measured costs",pilot discovery log
pilot-0073,us_smallcap,,test,M2 +history+context -> adj_5,,smallcap_events,,1.887,3.332,False,,,-0.00807,,False,"monthly IC 0.0448; top-minus-bottom fifth gross +0.58% net -0.81% (t -1.56) per event, measured costs",pilot discovery log
pilot-0074,us_smallcap,,test,M3 +v1 reading -> adj_5,,smallcap_events,,2.334,3.337,False,,,-0.00276,,False,"monthly IC 0.0595; top-minus-bottom fifth gross +1.11% net -0.28% (t -0.62) per event, measured costs",pilot discovery log
pilot-0075,us_smallcap,,test,M4 +v1 judgment -> adj_5,,smallcap_events,,1.762,3.341,False,,,-0.00839,,False,"monthly IC 0.0422; top-minus-bottom fifth gross +0.52% net -0.84% (t -1.88) per event, measured costs",pilot discovery log
pilot-0076,us_smallcap,,test,M1 item+size -> raw_20,,smallcap_events,,0.841,3.346,False,,,-0.00278,,False,"monthly IC 0.0233; top-minus-bottom fifth gross +1.03% net -0.28% (t -0.35) per event, measured costs",pilot discovery log
pilot-0077,us_smallcap,,test,M2 +history+context -> raw_20,,smallcap_events,,2.513,3.351,False,,,0.00261,,False,"monthly IC 0.0634; top-minus-bottom fifth gross +1.64% net +0.26% (t 0.37) per event, measured costs",pilot discovery log
pilot-0078,us_smallcap,,test,M3 +v1 reading -> raw_20,,smallcap_events,,2.686,3.355,False,,,0.00639,,False,"monthly IC 0.0648; top-minus-bottom fifth gross +2.06% net +0.64% (t 0.78) per event, measured costs",pilot discovery log
pilot-0079,us_smallcap,,test,M4 +v1 judgment -> raw_20,,smallcap_events,,2.583,3.359,False,,,0.00505,,False,"monthly IC 0.0602; top-minus-bottom fifth gross +1.90% net +0.50% (t 0.67) per event, measured costs",pilot discovery log
pilot-0080,us_smallcap,,test,M1 item+size -> adj_20,,smallcap_events,,0.173,3.364,False,,,-0.01571,,False,"monthly IC 0.0046; top-minus-bottom fifth gross -0.24% net -1.57% (t -2.07) per event, measured costs",pilot discovery log
pilot-0081,us_smallcap,,test,M2 +history+context -> adj_20,,smallcap_events,,2.081,3.368,False,,,0.00632,,False,"monthly IC 0.0505; top-minus-bottom fifth gross +2.02% net +0.63% (t 0.85) per event, measured costs",pilot discovery log
pilot-0082,us_smallcap,,test,M3 +v1 reading -> adj_20,,smallcap_events,,2.064,3.372,False,,,0.00417,,False,"monthly IC 0.0495; top-minus-bottom fifth gross +1.81% net +0.42% (t 0.58) per event, measured costs",pilot discovery log
pilot-0083,us_smallcap,,test,M4 +v1 judgment -> adj_20,,smallcap_events,,2.516,3.376,False,,,0.00604,,False,"monthly IC 0.0578; top-minus-bottom fifth gross +1.97% net +0.60% (t 0.85) per event, measured costs",pilot discovery log
pilot-0084,us_smallcap,,test,"MODEL(numbers), decile spread net of measured costs",,smallcap,,-0.276,3.38,False,,,-0.00089,,False,gross +0.60% net -0.09%/mo; pick-1 net -0.20%,pilot discovery log
pilot-0085,us_smallcap,,test,"MODEL(numbers + earnings text), decile spread net of measured costs",,smallcap,,0.568,3.384,False,,,0.00177,,False,gross +0.80% net +0.18%/mo; pick-1 net -0.03%,pilot discovery log
pilot-0086,us_smallcap,,test,"MODEL(numbers) microcap, decile spread net of measured costs",,microcap,,1.03,3.388,False,,,0.00797,,False,gross +1.94% net +0.80%/mo; pick-1 net -0.18%,pilot discovery log
pilot-0087,us_smallcap,,test,"V1 small/mid text, top-decile buy / top-30% hold, monthly",,smallcap,,1.47,3.392,False,,,0.00168,,False,"gross +0.29%/mo (t 2.57), net +0.17% (t 1.47); turnover 2.6x/yr; hold 4.3 mo; costs take 43%; +impact net +0.14%",pilot discovery log
pilot-0088,us_smallcap,,test,"V2 small/mid text, quarterly top decile, hold 3 months",,smallcap,,1.324,3.396,False,,,0.0016,,False,"gross +0.29%/mo (t 2.38), net +0.16% (t 1.32); turnover 2.8x/yr; hold 4.3 mo; costs take 44%; +impact net +0.13%",pilot discovery log
pilot-0089,us_smallcap,,test,"V3 micro numbers, top-decile buy / top-30% hold, monthly",,microcap,,0.817,3.399,False,,,0.00183,,False,"gross +0.40%/mo (t 1.76), net +0.18% (t 0.82); turnover 2.7x/yr; hold 4.3 mo; costs take 54%; +impact net +0.04%",pilot discovery log
pilot-0090,us_smallcap,,test,"MODEL(numbers + earnings text), partially pooled by sector",,smallcap,,1.47,3.403,False,,,0.00168,,False,rule chose s=0 (pooled) in every year: validation IC fell monotonically with s; identical to pooled V1 (IC 0.0340 t 4.66; net +0.17%/mo t 1.47); difference vs pooled 0,pilot discovery log
pilot-0091,us_smallcap,,test,A1 SPDR sector momentum 1999-2019,,sector_etf,,-0.442,3.407,False,,,-0.00059,,False,"gross -0.05%/mo (t -0.36), net -0.06% (t -0.44); turnover 2.7x; hit 54%; max DD -32%",pilot discovery log
pilot-0092,us_smallcap,,test,A2 SPDR composite 2013-2019,,sector_etf,,-1.098,3.41,False,,,-0.00213,,False,"gross -0.20%/mo (t -1.03), net -0.21% (t -1.10); turnover 3.2x; hit 46%; max DD -25%",pilot discovery log
pilot-0093,us_smallcap,,test,A3 French 49 industry momentum 1970-2019 (top 10%),,french49,,2.618,3.414,False,,,0.00386,,False,"gross +0.44%/mo (t 3.00), net +0.39% (t 2.62); turnover 3.4x; hit 54%; max DD -47%",pilot discovery log
pilot-0094,us_smallcap,,test,"biocat run-up, overlapping-month portfolio net excess",,biotech_events,,0.164,3.417,False,,,0.00166,,False,"405 trades, net +1.26%/trade (gross +2.40%); monthly net +0.17% (t 0.16) over 84 months; check years not run (out of scope)",pilot discovery log
